{"r2": 0.5547648134536588, "mae": 31.950954284542846, "feature_importance": {"_type": "image-file", "sha256": "1ae1ded2a53c5c9085e8d642821a39eb95a59af699042790b7525c25bfc94b76", "size": 33331, "path": "media/images/feature_importance_0_1ae1ded2a53c5c9085e8.png", "format": "png", "width": 1000, "height": 1000}, "_timestamp": 1723721650.7515607, "_runtime": 39.06173777580261, "_step": 0, "_wandb": {"runtime": 38}}