{"r2": 0.5685876617769041, "mae": 32.0039852398524, "feature_importance": {"_type": "image-file", "sha256": "c461bd9bf53be30fe7bff6c37c18aa5d7961cffe95b4516455d6aa55e4af49e3", "size": 33334, "path": "media/images/feature_importance_0_c461bd9bf53be30fe7bf.png", "format": "png", "width": 1000, "height": 1000}, "_timestamp": 1723721742.3441312, "_runtime": 75.9733612537384, "_step": 0, "_wandb": {"runtime": 75}}