{"r2": 0.5549202269260246, "mae": 31.98331693316933, "feature_importance": {"_type": "image-file", "sha256": "d12209ace6bee3da5ac4983f6d600ed4aae99c04b59c4d45d4cc6c0f3b89454d", "size": 33312, "path": "media/images/feature_importance_0_d12209ace6bee3da5ac4.png", "format": "png", "width": 1000, "height": 1000}, "_timestamp": 1723721597.9950747, "_runtime": 21.79724884033203, "_step": 0, "_wandb": {"runtime": 21}}