{"r2": 0.5720838731882996, "mae": 31.84418511685117, "feature_importance": {"_type": "image-file", "sha256": "aae6349653601ddfa6ea4e9194680613239200e8b215b639b2ad151cc9c1c019", "size": 33343, "path": "media/images/feature_importance_0_aae6349653601ddfa6ea.png", "format": "png", "width": 1000, "height": 1000}, "_timestamp": 1723721920.6606257, "_runtime": 158.90080881118774, "_step": 0, "_wandb": {"runtime": 157}}